epoch,time,train/box_loss,train/seg_loss,train/cls_loss,train/dfl_loss,train/sem_loss,metrics/precision(B),metrics/recall(B),metrics/mAP50(B),metrics/mAP50-95(B),metrics/precision(M),metrics/recall(M),metrics/mAP50(M),metrics/mAP50-95(M),val/box_loss,val/seg_loss,val/cls_loss,val/dfl_loss,val/sem_loss,lr/pg0,lr/pg1,lr/pg2
1,24.1868,1.94152,2.61273,4.32547,0.01213,3.92875,0.00057,0.14155,0.0038,0.0014,7e-05,0.01826,9e-05,1e-05,1.76745,3.14526,4.77331,0.01686,0,0.000978723,0.000978723,0.0683546
2,47.1069,1.89522,2.46399,3.34769,0.01177,2.42024,0.10433,0.28134,0.08963,0.03947,0.08664,0.21165,0.06282,0.01932,1.77038,2.14187,3.65186,0.01706,0,0.00197853,0.00197853,0.0360211
3,69.8868,1.98783,2.14918,3.14553,0.01466,1.92497,0.19739,0.21671,0.14833,0.0613,0.1978,0.21171,0.13135,0.03851,2.00842,1.91495,3.35337,0.01875,0,0.00297759,0.00297759,0.00368681
4,93.4073,2.05491,2.28742,2.96234,0.01288,1.789,0.19531,0.2332,0.19176,0.07623,0.47115,0.23426,0.183,0.06694,1.9181,1.98409,3.19052,0.01869,0,0.00299742,0.00299742,0.00299742
5,116.02,1.98425,2.23007,2.80659,0.01273,1.70327,0.68196,0.2266,0.25694,0.09869,0.5863,0.20718,0.18375,0.06596,1.89855,1.95249,3.76117,0.01766,0,0.00299542,0.00299542,0.00299542
6,138.135,1.96559,2.23212,2.72323,0.01237,1.63538,0.30073,0.32797,0.27687,0.11246,0.29255,0.23046,0.21563,0.08297,1.85621,1.94157,2.88385,0.0171,0,0.00299285,0.00299285,0.00299285
7,160.392,1.95607,2.1754,2.5831,0.01173,1.56524,0.27756,0.32795,0.27269,0.12299,0.3456,0.19123,0.18876,0.06963,1.8443,2.12218,2.76459,0.01754,0,0.00298971,0.00298971,0.00298971
8,182.648,1.91427,2.18109,2.49971,0.01188,1.45604,0.41808,0.32179,0.32389,0.15399,0.41921,0.29965,0.27744,0.10422,1.80702,1.80954,2.68151,0.01683,0,0.002986,0.002986,0.002986
9,205.627,1.90238,2.18354,2.46325,0.01181,1.55597,0.47683,0.32447,0.33294,0.14909,0.46208,0.25674,0.29035,0.10921,1.80895,1.89839,2.62003,0.01698,0,0.00298172,0.00298172,0.00298172
10,229.481,1.83361,2.00263,2.38912,0.01161,1.51451,0.38724,0.32156,0.30132,0.13656,0.32597,0.28386,0.24144,0.08954,1.84406,1.70757,2.68485,0.01775,0,0.00297687,0.00297687,0.00297687
11,252.469,1.91345,2.11988,2.37544,0.01192,1.55388,0.43609,0.36427,0.37355,0.14842,0.35543,0.34561,0.30348,0.10448,1.83046,1.77615,2.49142,0.01735,0,0.00297147,0.00297147,0.00297147
12,275.092,1.91164,2.05238,2.41809,0.01266,1.41394,0.30505,0.35348,0.33431,0.14702,0.27324,0.31469,0.25072,0.08719,1.83371,1.8059,2.56555,0.01673,0,0.0029655,0.0029655,0.0029655
13,297.652,1.95259,2.12856,2.3474,0.01224,1.42084,0.30433,0.35971,0.32859,0.16331,0.32554,0.35233,0.31219,0.11267,1.75791,1.67714,2.30578,0.01602,0,0.00295897,0.00295897,0.00295897
14,320.863,1.87602,2.15045,2.2102,0.01091,1.44079,0.35582,0.41306,0.34608,0.15324,0.26695,0.37879,0.27104,0.10242,1.78223,1.82469,2.45687,0.01611,0,0.00295188,0.00295188,0.00295188
15,344.457,1.88806,2.16118,2.24387,0.01182,1.41208,0.35691,0.38447,0.35538,0.16261,0.30461,0.39393,0.31162,0.12074,1.74924,1.64875,2.35753,0.01633,0,0.00294425,0.00294425,0.00294425
16,367.193,1.87974,2.09909,2.20199,0.01067,1.38655,0.35377,0.38595,0.33906,0.15639,0.3303,0.3714,0.30513,0.10659,1.7352,1.66584,2.27521,0.01607,0,0.00293606,0.00293606,0.00293606
17,389.324,1.82468,2.00434,2.22194,0.01205,1.43172,0.3687,0.45035,0.36837,0.16299,0.30677,0.39858,0.33,0.13536,1.80123,1.69766,2.32577,0.01728,0,0.00292732,0.00292732,0.00292732
18,414.127,1.85508,1.99045,2.16341,0.01126,1.34627,0.35569,0.41403,0.34791,0.16963,0.33698,0.42727,0.32253,0.12118,1.6569,1.63606,2.62027,0.01495,0,0.00291804,0.00291804,0.00291804
19,438.374,1.79354,1.92625,2.03519,0.01022,1.26594,0.42294,0.34738,0.35729,0.17657,0.3265,0.32884,0.29568,0.11166,1.69108,1.67244,2.34443,0.01527,0,0.00290821,0.00290821,0.00290821
20,462.398,1.7444,1.93497,2.08727,0.01102,1.32845,0.64513,0.36508,0.3786,0.18684,0.7259,0.249,0.31633,0.11692,1.64785,1.61253,2.26332,0.01479,0,0.00289785,0.00289785,0.00289785
21,485.874,1.7803,1.85619,2.14921,0.01218,1.32258,0.42376,0.44425,0.43409,0.19966,0.40674,0.40163,0.38917,0.15551,1.71858,1.65273,2.12111,0.01669,0,0.00288696,0.00288696,0.00288696
22,509.197,1.76055,1.94473,2.08748,0.01171,1.3965,0.5073,0.43882,0.44607,0.2259,0.4788,0.45236,0.41155,0.16073,1.60493,1.63313,2.10442,0.01443,0,0.00287554,0.00287554,0.00287554
23,532.861,1.84123,2.05381,2.02802,0.01064,1.33689,0.42878,0.4652,0.44639,0.22117,0.38906,0.4205,0.39452,0.15231,1.63087,1.73375,2.02934,0.01447,0,0.00286359,0.00286359,0.00286359
24,556.225,1.78233,2.02017,2.04174,0.01054,1.30953,0.4158,0.3405,0.37852,0.205,0.48352,0.34162,0.34144,0.14208,1.65777,1.67281,2.09765,0.01522,0,0.00285113,0.00285113,0.00285113
25,580.582,1.77557,1.94728,1.9937,0.01144,1.33582,0.41692,0.40712,0.39287,0.22163,0.43483,0.38447,0.38219,0.16582,1.5289,1.68479,2.13727,0.0131,0,0.00283814,0.00283814,0.00283814
26,605.058,1.72618,1.92115,1.98427,0.0101,1.30609,0.31794,0.4759,0.36918,0.20816,0.30675,0.46511,0.35635,0.1481,1.5192,1.65152,2.08439,0.01268,0,0.00282465,0.00282465,0.00282465
27,630.101,1.76931,1.97939,1.90116,0.01027,1.33251,0.37966,0.42587,0.3947,0.21899,0.35856,0.41103,0.36875,0.14812,1.56307,1.63901,1.97224,0.01322,0,0.00281066,0.00281066,0.00281066
28,656.202,1.70289,1.94482,1.92195,0.00943,1.26648,0.74932,0.32078,0.41516,0.2379,0.72259,0.33724,0.39202,0.15921,1.53166,1.61901,2.05495,0.0128,0,0.00279616,0.00279616,0.00279616
29,680.242,1.70873,1.92525,1.98199,0.01072,1.34786,0.43449,0.42698,0.43108,0.22851,0.39101,0.43379,0.38819,0.15885,1.57276,1.64048,1.97717,0.01332,0,0.00278117,0.00278117,0.00278117
30,703.703,1.67534,1.85725,1.91815,0.0096,1.34795,0.43997,0.41842,0.42829,0.24201,0.42031,0.40944,0.40249,0.16906,1.56561,1.53311,1.90713,0.01364,0,0.00276569,0.00276569,0.00276569
31,727.638,1.66803,1.88393,1.93761,0.01031,1.29159,0.45626,0.41279,0.44212,0.25612,0.44881,0.40226,0.40907,0.18835,1.5491,1.57288,1.89378,0.0127,0,0.00274973,0.00274973,0.00274973
32,753.297,1.70177,1.9047,1.92771,0.01021,1.30621,0.47529,0.41679,0.43059,0.24507,0.45738,0.40218,0.38566,0.15306,1.50018,1.71749,1.97992,0.01297,0,0.0027333,0.0027333,0.0027333
33,775.825,1.70971,1.89034,1.90896,0.01005,1.30887,0.43365,0.37182,0.40435,0.2457,0.42815,0.35881,0.38112,0.15534,1.42806,1.6045,2.03487,0.01179,0,0.00271639,0.00271639,0.00271639
34,798.105,1.65601,1.8699,1.90905,0.00961,1.30905,0.38554,0.37704,0.41575,0.23546,0.34398,0.43653,0.37158,0.14535,1.50458,1.53661,1.96025,0.01174,0,0.00269902,0.00269902,0.00269902
35,820.469,1.6645,1.79347,1.84988,0.0095,1.182,0.42179,0.41897,0.41539,0.21751,0.4027,0.38562,0.36286,0.14323,1.59474,1.64499,1.99626,0.01308,0,0.0026812,0.0026812,0.0026812
36,842.831,1.70844,1.92234,1.88338,0.01045,1.34601,0.41077,0.48939,0.40043,0.22564,0.38609,0.4549,0.38083,0.15942,1.51706,1.54125,1.94413,0.01237,0,0.00266292,0.00266292,0.00266292
37,865.486,1.73858,1.95733,1.86216,0.00957,1.26144,0.39735,0.35007,0.40027,0.22126,0.38382,0.33112,0.36648,0.15011,1.5399,1.60039,1.97696,0.01296,0,0.0026442,0.0026442,0.0026442
38,887.979,1.64525,1.84797,1.82357,0.00929,1.30067,0.43738,0.3372,0.42544,0.24498,0.38909,0.35282,0.37469,0.16862,1.49439,1.56747,1.94759,0.01274,0,0.00262505,0.00262505,0.00262505
39,909.939,1.72679,1.861,1.89213,0.01057,1.30149,0.36419,0.39917,0.3988,0.2256,0.35365,0.38616,0.3707,0.16216,1.58102,1.50367,1.91328,0.01419,0,0.00260547,0.00260547,0.00260547
40,932.356,1.66642,1.7943,1.81139,0.0102,1.27177,0.50814,0.36055,0.43602,0.25092,0.48211,0.32609,0.3908,0.16903,1.48467,1.61501,1.81281,0.0129,0,0.00258547,0.00258547,0.00258547
41,954.741,1.62595,1.90894,1.80616,0.00961,1.18115,0.39902,0.44228,0.44215,0.25791,0.38333,0.43022,0.39635,0.16609,1.57287,1.53244,1.79825,0.01365,0,0.00256505,0.00256505,0.00256505
42,976.946,1.59219,1.77006,1.76418,0.00957,1.29139,0.41748,0.44557,0.44622,0.26221,0.374,0.44278,0.39122,0.15854,1.53193,1.6334,1.79166,0.01347,0,0.00254423,0.00254423,0.00254423
43,999.127,1.66392,1.8619,1.81335,0.01015,1.23582,0.41455,0.4889,0.45838,0.25704,0.35329,0.435,0.37391,0.13853,1.51998,1.70252,1.81404,0.01367,0,0.00252302,0.00252302,0.00252302
44,1021.37,1.6593,1.87095,1.82403,0.0097,1.2374,0.37414,0.39592,0.42881,0.25659,0.4661,0.37654,0.39863,0.16719,1.41549,1.52608,1.82059,0.01274,0,0.00250141,0.00250141,0.00250141
45,1043.88,1.51539,1.70814,1.75054,0.00933,1.11813,0.37949,0.48359,0.42658,0.25065,0.32522,0.42834,0.37414,0.15947,1.43563,1.5632,1.83504,0.01183,0,0.00247943,0.00247943,0.00247943
46,1066.58,1.57906,1.89575,1.72599,0.00876,1.22263,0.43667,0.41241,0.43537,0.25487,0.37247,0.42473,0.4084,0.16533,1.44181,1.54729,1.80497,0.01178,0,0.00245707,0.00245707,0.00245707
47,1091.71,1.64553,1.83283,1.76169,0.00897,1.29322,0.45083,0.45259,0.42684,0.25296,0.41836,0.4524,0.38897,0.1622,1.4933,1.58108,1.76391,0.01162,0,0.00243435,0.00243435,0.00243435
48,1115.57,1.66987,1.82525,1.73174,0.00912,1.26738,0.43108,0.46813,0.43109,0.26656,0.43026,0.44258,0.40644,0.17461,1.42573,1.59599,1.75303,0.01119,0,0.00241128,0.00241128,0.00241128
49,1139.51,1.58297,1.71284,1.73817,0.00931,1.24369,0.41054,0.41647,0.42411,0.25653,0.43944,0.3882,0.40757,0.18635,1.48468,1.49245,1.79741,0.01214,0,0.00238786,0.00238786,0.00238786
50,1163.02,1.53989,1.81814,1.70881,0.00901,1.22612,0.41412,0.43359,0.44842,0.25895,0.4515,0.4037,0.41834,0.17907,1.54539,1.48525,1.75327,0.0135,0,0.00236411,0.00236411,0.00236411
51,1186.63,1.6057,1.80982,1.70748,0.01015,1.29796,0.48413,0.44092,0.47871,0.29982,0.46453,0.427,0.45773,0.2042,1.46142,1.50122,1.65597,0.0119,0,0.00234002,0.00234002,0.00234002
52,1209.07,1.61025,1.83052,1.7214,0.00925,1.27244,0.45758,0.47712,0.46689,0.2973,0.44769,0.42741,0.43708,0.19708,1.4143,1.47346,1.63362,0.0116,0,0.00231562,0.00231562,0.00231562
53,1231.42,1.54796,1.88518,1.64178,0.00896,1.25091,0.48416,0.41017,0.45065,0.28071,0.43713,0.38064,0.40788,0.19468,1.44017,1.51185,1.7318,0.012,0,0.00229091,0.00229091,0.00229091
54,1253.4,1.52155,1.83167,1.71567,0.00927,1.26975,0.48049,0.44503,0.46343,0.28579,0.47339,0.4259,0.43264,0.1908,1.40376,1.58156,1.65462,0.0119,0,0.0022659,0.0022659,0.0022659
55,1275.37,1.55734,1.80719,1.67025,0.00881,1.19982,0.46296,0.49289,0.48978,0.30662,0.46623,0.48553,0.46488,0.20795,1.35227,1.53347,1.63692,0.01123,0,0.0022406,0.0022406,0.0022406
56,1297.46,1.60837,1.81399,1.69873,0.00926,1.21183,0.4623,0.52022,0.51114,0.31701,0.45018,0.49809,0.49093,0.22124,1.33942,1.48418,1.59821,0.01064,0,0.00221502,0.00221502,0.00221502
57,1320.1,1.4836,1.7008,1.64346,0.00846,1.21779,0.44482,0.52734,0.49422,0.29847,0.45241,0.52997,0.47853,0.2135,1.33778,1.48731,1.66177,0.01062,0,0.00218918,0.00218918,0.00218918
58,1342.31,1.58924,1.6612,1.70828,0.00926,1.24843,0.55903,0.42104,0.49211,0.2984,0.54248,0.41903,0.47479,0.2418,1.44044,1.46013,1.67848,0.01197,0,0.00216307,0.00216307,0.00216307
59,1364.08,1.55272,1.6972,1.69565,0.00859,1.23673,0.50686,0.4504,0.49178,0.31578,0.54059,0.43204,0.48012,0.24426,1.43477,1.49544,1.65104,0.01172,0,0.00213671,0.00213671,0.00213671
60,1386.24,1.55921,1.72348,1.67173,0.0094,1.24035,0.54836,0.46426,0.49369,0.30527,0.53857,0.45582,0.47255,0.22078,1.35705,1.51159,1.65324,0.01119,0,0.00211011,0.00211011,0.00211011
61,1407.89,1.52764,1.76806,1.76923,0.00904,1.20883,0.55036,0.52473,0.51084,0.31684,0.52893,0.51685,0.48353,0.21857,1.36554,1.51133,1.60727,0.01091,0,0.00208328,0.00208328,0.00208328
62,1429.54,1.5223,1.75861,1.66885,0.00858,1.21236,0.51638,0.51346,0.50613,0.30502,0.49219,0.51655,0.47618,0.20189,1.40812,1.53037,1.60399,0.01199,0,0.00205624,0.00205624,0.00205624
63,1452.01,1.57756,1.80635,1.6786,0.00859,1.22265,0.40389,0.48784,0.49724,0.31674,0.43326,0.47721,0.48112,0.20976,1.37168,1.47123,1.62812,0.01195,0,0.00202898,0.00202898,0.00202898
64,1476.53,1.50745,1.67628,1.57324,0.0088,1.19786,0.44844,0.49979,0.51362,0.32761,0.45744,0.45645,0.48317,0.21552,1.3817,1.48494,1.5635,0.01147,0,0.00200153,0.00200153,0.00200153
65,1501.29,1.54609,1.73438,1.60944,0.00857,1.23738,0.45802,0.50411,0.51373,0.32923,0.48212,0.46357,0.48022,0.22009,1.34465,1.52793,1.60657,0.01129,0,0.00197389,0.00197389,0.00197389
66,1524.56,1.51536,1.72032,1.57784,0.00841,1.16101,0.43943,0.48488,0.49572,0.32417,0.4546,0.49856,0.48908,0.22859,1.35136,1.46873,1.58553,0.01153,0,0.00194607,0.00194607,0.00194607
67,1546.76,1.52225,1.61788,1.66655,0.00936,1.19176,0.42991,0.50374,0.50234,0.32663,0.42856,0.49828,0.49315,0.22644,1.31187,1.49036,1.59517,0.0106,0,0.00191809,0.00191809,0.00191809
68,1569.08,1.49555,1.7526,1.59282,0.00845,1.22546,0.43636,0.52349,0.51019,0.32411,0.48482,0.43044,0.47875,0.215,1.36356,1.52426,1.62903,0.01124,0,0.00188995,0.00188995,0.00188995
69,1592.55,1.45563,1.68297,1.61645,0.00883,1.1514,0.41841,0.51233,0.51275,0.31918,0.40772,0.49665,0.47412,0.22704,1.35514,1.47419,1.61879,0.01073,0,0.00186167,0.00186167,0.00186167
70,1616.67,1.49633,1.72891,1.60304,0.00845,1.22736,0.44626,0.4946,0.51154,0.3273,0.49952,0.44981,0.49448,0.22685,1.32516,1.44864,1.59384,0.01049,0,0.00183325,0.00183325,0.00183325
71,1640.33,1.52756,1.59784,1.64219,0.00874,1.16255,0.51022,0.46321,0.51289,0.31263,0.55168,0.40763,0.4804,0.22352,1.39779,1.46639,1.61378,0.01153,0,0.00180471,0.00180471,0.00180471
72,1665.49,1.51178,1.6819,1.62186,0.00871,1.2712,0.5089,0.49056,0.51461,0.31889,0.50165,0.45006,0.4766,0.23151,1.36388,1.43489,1.63296,0.01117,0,0.00177606,0.00177606,0.00177606
73,1689.1,1.47489,1.73779,1.60027,0.008,1.11565,0.48599,0.54329,0.52167,0.32839,0.45939,0.52688,0.4907,0.24613,1.29794,1.41532,1.59234,0.01036,0,0.00174731,0.00174731,0.00174731
74,1711.68,1.48415,1.69948,1.52622,0.00743,1.16298,0.37228,0.52682,0.51297,0.33375,0.36749,0.5344,0.48033,0.20375,1.27184,1.46426,1.5748,0.01031,0,0.00171846,0.00171846,0.00171846
75,1733.92,1.52903,1.74032,1.57335,0.00795,1.16975,0.41568,0.5243,0.50773,0.3279,0.40211,0.51448,0.47695,0.19987,1.3663,1.45076,1.56856,0.0107,0,0.00168954,0.00168954,0.00168954
76,1756.3,1.4975,1.70167,1.5702,0.00821,1.19408,0.45628,0.53371,0.51366,0.31509,0.42125,0.51042,0.45996,0.19069,1.36553,1.46051,1.58781,0.01105,0,0.00166056,0.00166056,0.00166056
77,1779.85,1.52186,1.74155,1.56742,0.00915,1.285,0.46705,0.52317,0.52755,0.33004,0.43689,0.49001,0.47231,0.20344,1.34349,1.48618,1.57196,0.01128,0,0.00163151,0.00163151,0.00163151
78,1802.5,1.42817,1.70592,1.53584,0.00829,1.19984,0.46877,0.51031,0.51715,0.32428,0.46729,0.50376,0.4864,0.2318,1.3682,1.46765,1.53787,0.01117,0,0.00160242,0.00160242,0.00160242
79,1825.72,1.49134,1.68346,1.52117,0.00837,1.18524,0.45091,0.53733,0.51276,0.32654,0.44626,0.53535,0.48986,0.23639,1.30682,1.47105,1.55951,0.01066,0,0.0015733,0.0015733,0.0015733
80,1848.14,1.39627,1.63495,1.59503,0.00784,1.16524,0.56702,0.44216,0.50302,0.32959,0.56286,0.43759,0.48146,0.23897,1.31617,1.43974,1.55319,0.01046,0,0.00154416,0.00154416,0.00154416
81,1871.77,1.43853,1.62772,1.48368,0.00821,1.11071,0.48778,0.49648,0.51525,0.3346,0.47398,0.48416,0.48676,0.23851,1.3621,1.43361,1.51403,0.01072,0,0.001515,0.001515,0.001515
82,1894.47,1.46151,1.53454,1.51397,0.00904,1.23534,0.54704,0.50923,0.54626,0.35951,0.54894,0.4766,0.51377,0.25054,1.30103,1.46116,1.5158,0.0102,0,0.00148584,0.00148584,0.00148584
83,1917.02,1.40576,1.63623,1.51054,0.00755,1.14782,0.52805,0.53736,0.55154,0.36061,0.51584,0.49648,0.49692,0.23389,1.24561,1.47363,1.51178,0.00982,0,0.0014567,0.0014567,0.0014567
84,1939.17,1.42522,1.72258,1.5372,0.00797,1.18837,0.46387,0.56131,0.54132,0.34988,0.44171,0.5165,0.4595,0.21546,1.25086,1.47259,1.50299,0.00969,0,0.00142758,0.00142758,0.00142758
85,1961.84,1.3971,1.64838,1.53358,0.00786,1.14307,0.49658,0.5081,0.55091,0.35998,0.45953,0.49695,0.5007,0.22608,1.24163,1.4623,1.48149,0.0099,0,0.00139849,0.00139849,0.00139849
86,1983.83,1.46971,1.64163,1.55978,0.00774,1.11739,0.51844,0.54307,0.54601,0.36146,0.50223,0.50991,0.51146,0.23616,1.24042,1.46713,1.51337,0.00974,0,0.00136944,0.00136944,0.00136944
87,2006.55,1.4112,1.72131,1.43404,0.00784,1.14547,0.52539,0.54855,0.55753,0.36944,0.48685,0.53552,0.51278,0.25047,1.2388,1.4432,1.52279,0.00976,0,0.00134046,0.00134046,0.00134046
88,2029.44,1.45009,1.68986,1.48983,0.00807,1.19271,0.46581,0.58144,0.53585,0.35611,0.48854,0.48984,0.50421,0.25786,1.21285,1.43643,1.51055,0.00942,0,0.00131154,0.00131154,0.00131154
89,2051.95,1.43444,1.65675,1.49731,0.00722,1.29041,0.55895,0.4645,0.5294,0.35442,0.56261,0.47829,0.49792,0.23438,1.25173,1.47365,1.53754,0.0102,0,0.00128269,0.00128269,0.00128269
90,2074.26,1.44169,1.75565,1.43541,0.00753,1.1685,0.61057,0.4412,0.52035,0.35622,0.60337,0.44006,0.48795,0.22107,1.23801,1.52011,1.53447,0.01001,0,0.00125394,0.00125394,0.00125394
91,2096.58,1.40204,1.60715,1.45773,0.00768,1.15168,0.50093,0.50581,0.52584,0.35181,0.4628,0.50286,0.5024,0.22378,1.24586,1.49171,1.53489,0.00977,0,0.00122529,0.00122529,0.00122529
92,2118.9,1.38706,1.60253,1.48912,0.00782,1.13768,0.461,0.56134,0.53737,0.3648,0.45511,0.52981,0.52057,0.22666,1.23742,1.46651,1.49175,0.00972,0,0.00119675,0.00119675,0.00119675
93,2141.2,1.37997,1.57962,1.5418,0.0082,1.22628,0.55602,0.53645,0.54574,0.37135,0.51469,0.49877,0.49975,0.23754,1.2422,1.48995,1.45508,0.00983,0,0.00116833,0.00116833,0.00116833
94,2163.37,1.3845,1.71579,1.50717,0.00766,1.11037,0.52348,0.53346,0.54828,0.38637,0.47946,0.50147,0.50162,0.24902,1.18474,1.49005,1.44389,0.00921,0,0.00114005,0.00114005,0.00114005
95,2186.08,1.34826,1.62379,1.46772,0.00685,1.14072,0.53503,0.52789,0.54911,0.37235,0.4783,0.5111,0.48961,0.24076,1.20664,1.43832,1.4876,0.00917,0,0.00111191,0.00111191,0.00111191
96,2208.5,1.39168,1.59397,1.42686,0.00757,1.1394,0.50582,0.52268,0.53695,0.36173,0.46747,0.52236,0.48009,0.23412,1.2261,1.43435,1.50248,0.00917,0,0.00108393,0.00108393,0.00108393
97,2231.2,1.37776,1.52962,1.41661,0.0076,1.16579,0.52102,0.55444,0.55667,0.38463,0.49319,0.52679,0.50852,0.25322,1.22554,1.44072,1.45443,0.00917,0,0.00105611,0.00105611,0.00105611
98,2253.28,1.39072,1.67335,1.41506,0.00728,1.16693,0.54518,0.56794,0.57155,0.3981,0.51226,0.53109,0.52477,0.25754,1.18442,1.4625,1.41026,0.00899,0,0.00102847,0.00102847,0.00102847
99,2275.67,1.32122,1.62052,1.40288,0.00662,1.12714,0.50547,0.56134,0.55011,0.38599,0.47187,0.52823,0.50067,0.23833,1.15524,1.4714,1.44851,0.00865,0,0.00100102,0.00100102,0.00100102
100,2297.63,1.33136,1.63568,1.43759,0.00713,1.09595,0.46443,0.58,0.54735,0.38209,0.47316,0.50968,0.51345,0.23257,1.15959,1.4628,1.47304,0.00893,0,0.000973761,0.000973761,0.000973761
101,2319.56,1.30248,1.5669,1.4662,0.00707,1.18632,0.52374,0.54032,0.55093,0.37468,0.52841,0.5104,0.51313,0.23205,1.1712,1.46361,1.47432,0.00914,0,0.000946715,0.000946715,0.000946715
102,2342.14,1.40445,1.62937,1.41125,0.00728,1.18017,0.56858,0.53257,0.56237,0.3832,0.58441,0.50959,0.53048,0.23272,1.14474,1.45391,1.42055,0.00896,0,0.000919888,0.000919888,0.000919888
103,2364.72,1.38799,1.56319,1.45108,0.00812,1.15569,0.56021,0.5698,0.56554,0.37807,0.53344,0.5303,0.51993,0.23773,1.15467,1.4335,1.42075,0.00878,0,0.00089329,0.00089329,0.00089329
104,2387.22,1.35742,1.53066,1.34756,0.0074,1.15912,0.54294,0.58204,0.56753,0.38774,0.53286,0.56819,0.54282,0.25226,1.13617,1.41746,1.41675,0.00863,0,0.000866932,0.000866932,0.000866932
105,2409.45,1.29259,1.56936,1.38005,0.00732,1.05943,0.50899,0.5535,0.57149,0.39792,0.50046,0.53983,0.5406,0.25203,1.1206,1.42301,1.42763,0.00845,0,0.000840824,0.000840824,0.000840824
106,2431.92,1.32671,1.58428,1.42748,0.0069,1.13777,0.51488,0.60446,0.56915,0.40291,0.49775,0.58755,0.53602,0.25722,1.13744,1.41193,1.40202,0.0083,0,0.000814976,0.000814976,0.000814976
107,2454.1,1.34782,1.535,1.39092,0.00697,1.20132,0.49388,0.60449,0.56864,0.40482,0.49525,0.5837,0.52548,0.25955,1.12645,1.4329,1.38789,0.00832,0,0.000789397,0.000789397,0.000789397
108,2476.04,1.33154,1.56888,1.34253,0.00686,1.04796,0.50791,0.59674,0.57695,0.40851,0.48458,0.55486,0.52728,0.26684,1.11394,1.46365,1.3794,0.00843,0,0.000764099,0.000764099,0.000764099
109,2498.02,1.28129,1.50473,1.36181,0.00713,1.14376,0.51394,0.58072,0.58333,0.40531,0.52111,0.52568,0.52935,0.25743,1.10053,1.4764,1.38628,0.00837,0,0.00073909,0.00073909,0.00073909
110,2519.97,1.35442,1.57765,1.39026,0.0071,1.23969,0.48985,0.54623,0.5703,0.40028,0.48168,0.52773,0.52239,0.25952,1.11671,1.45088,1.39569,0.00874,0,0.00071438,0.00071438,0.00071438
111,2542.23,1.29618,1.56897,1.34466,0.00716,1.11904,0.4557,0.51311,0.5533,0.3903,0.46089,0.52257,0.52602,0.26835,1.11987,1.42958,1.43857,0.00868,0,0.000689978,0.000689978,0.000689978
112,2564.19,1.3064,1.65533,1.33149,0.00666,1.10793,0.44946,0.53193,0.55022,0.39234,0.45484,0.53001,0.53207,0.2728,1.12909,1.42435,1.42434,0.00874,0,0.000665895,0.000665895,0.000665895
113,2586.3,1.30376,1.55055,1.34216,0.00687,1.0804,0.48661,0.55185,0.55987,0.39505,0.50742,0.54141,0.53896,0.26921,1.152,1.45841,1.38454,0.00892,0,0.000642139,0.000642139,0.000642139
114,2608.53,1.31764,1.52728,1.35948,0.00696,1.13022,0.50229,0.57956,0.56482,0.39308,0.50255,0.56685,0.53556,0.25919,1.18846,1.48015,1.41275,0.00912,0,0.000618719,0.000618719,0.000618719
115,2630.38,1.2817,1.507,1.38978,0.00705,1.16391,0.51559,0.56685,0.57198,0.39179,0.50277,0.5358,0.52744,0.24885,1.18449,1.49432,1.40885,0.00942,0,0.000595645,0.000595645,0.000595645
116,2652.74,1.32118,1.57071,1.38201,0.00648,1.18807,0.55262,0.53514,0.57168,0.39647,0.52691,0.49767,0.52485,0.24407,1.15158,1.47779,1.42397,0.00922,0,0.000572926,0.000572926,0.000572926
117,2675.74,1.28996,1.54475,1.337,0.0073,1.08342,0.53371,0.54152,0.58067,0.40621,0.49527,0.52691,0.54849,0.25493,1.13411,1.42875,1.41992,0.00883,0,0.00055057,0.00055057,0.00055057
118,2698.04,1.31781,1.54137,1.39362,0.00694,1.08425,0.55382,0.57899,0.58721,0.4083,0.50873,0.55749,0.55852,0.27295,1.1306,1.41699,1.42181,0.00863,0,0.000528585,0.000528585,0.000528585
119,2719.9,1.31335,1.51808,1.37973,0.00651,1.1503,0.54562,0.58116,0.59199,0.41059,0.51148,0.53016,0.56256,0.27357,1.13567,1.42522,1.415,0.00871,0,0.000506981,0.000506981,0.000506981
120,2741.85,1.35324,1.52655,1.35752,0.00698,1.05241,0.53971,0.61063,0.58839,0.41048,0.51976,0.56286,0.55653,0.25971,1.13102,1.4322,1.43119,0.00863,0,0.000485765,0.000485765,0.000485765
121,2764.1,1.26326,1.54998,1.32659,0.00669,1.05552,0.53849,0.57771,0.58881,0.40664,0.53516,0.53351,0.55272,0.25862,1.13819,1.43674,1.43272,0.00872,0,0.000464946,0.000464946,0.000464946
122,2785.63,1.31418,1.54965,1.32588,0.00655,1.09286,0.50195,0.57822,0.5881,0.4044,0.62289,0.47107,0.5468,0.26247,1.13071,1.42217,1.42394,0.00862,0,0.000444532,0.000444532,0.000444532
123,2807.24,1.26048,1.56675,1.33256,0.00656,1.04305,0.50292,0.59674,0.58271,0.40277,0.54403,0.50968,0.54116,0.26163,1.13341,1.42192,1.42385,0.00856,0,0.000424531,0.000424531,0.000424531
124,2829.57,1.2328,1.49371,1.31188,0.00682,1.09892,0.51884,0.5929,0.57755,0.39974,0.51908,0.54365,0.54273,0.25643,1.1341,1.42214,1.41767,0.00858,0,0.00040495,0.00040495,0.00040495
125,2850.93,1.23899,1.50818,1.32242,0.00655,1.06474,0.50742,0.59447,0.57462,0.40177,0.52886,0.54213,0.53255,0.25524,1.13224,1.45965,1.4008,0.00875,0,0.000385797,0.000385797,0.000385797
126,2872.4,1.27347,1.50333,1.33091,0.00665,1.14627,0.51596,0.60048,0.57657,0.40407,0.48897,0.53738,0.52611,0.26561,1.09595,1.44332,1.41429,0.00812,0,0.000367079,0.000367079,0.000367079
127,2894.24,1.27898,1.53207,1.33277,0.00676,1.114,0.52004,0.59272,0.5752,0.40526,0.48552,0.55087,0.53211,0.27103,1.11802,1.44342,1.40153,0.00845,0,0.000348804,0.000348804,0.000348804
128,2915.49,1.26419,1.54101,1.37061,0.00689,1.12207,0.49515,0.61492,0.57846,0.40317,0.47651,0.55181,0.53213,0.27287,1.12848,1.43992,1.39492,0.00852,0,0.000330979,0.000330979,0.000330979
129,2936.97,1.27352,1.51719,1.28708,0.00673,1.12757,0.51588,0.60158,0.58239,0.40868,0.48414,0.56319,0.54021,0.27598,1.1209,1.44181,1.39082,0.00844,0,0.00031361,0.00031361,0.00031361
130,2958.35,1.21826,1.45502,1.27187,0.00689,1.13063,0.56401,0.54892,0.5884,0.41583,0.55441,0.52833,0.55053,0.27842,1.11551,1.44128,1.36794,0.00832,0,0.000296704,0.000296704,0.000296704
131,2979.73,1.26072,1.48336,1.29922,0.00699,1.04628,0.54682,0.57911,0.58969,0.42273,0.52882,0.55605,0.55467,0.27769,1.10109,1.43391,1.35575,0.00815,0,0.000280268,0.000280268,0.000280268
132,3001.63,1.25074,1.54356,1.22095,0.00647,1.06119,0.53911,0.57684,0.59203,0.423,0.53125,0.55104,0.55488,0.27096,1.09591,1.43477,1.34025,0.00826,0,0.000264307,0.000264307,0.000264307
133,3023.22,1.24351,1.52321,1.30969,0.00674,1.08853,0.49343,0.58049,0.59043,0.42296,0.50093,0.53983,0.55314,0.26555,1.09186,1.43489,1.34284,0.00822,0,0.000248829,0.000248829,0.000248829
134,3044.64,1.27747,1.48447,1.31522,0.00716,1.06326,0.51418,0.59932,0.59346,0.42075,0.49254,0.5672,0.55869,0.26653,1.10275,1.44188,1.34723,0.00839,0,0.000233839,0.000233839,0.000233839
135,3066.46,1.30848,1.53936,1.26442,0.00719,1.12135,0.52914,0.58787,0.59426,0.41709,0.51929,0.55145,0.5534,0.26049,1.12883,1.44314,1.34387,0.0084,0,0.000219343,0.000219343,0.000219343
136,3088,1.24433,1.44818,1.32774,0.00732,1.07114,0.53183,0.58279,0.59627,0.42085,0.52745,0.56679,0.54958,0.26189,1.11745,1.44816,1.34725,0.00818,0,0.000205347,0.000205347,0.000205347
137,3109.47,1.25746,1.5489,1.29787,0.00615,1.10756,0.54569,0.58237,0.59839,0.4217,0.54294,0.56089,0.55936,0.26168,1.1059,1.45031,1.34665,0.00809,0,0.000191855,0.000191855,0.000191855
138,3131.14,1.23425,1.43229,1.25535,0.00628,1.08054,0.55308,0.59283,0.60016,0.42955,0.55693,0.55783,0.56473,0.26276,1.11468,1.4434,1.32733,0.00821,0,0.000178874,0.000178874,0.000178874
139,3152.65,1.24791,1.49608,1.26332,0.00619,1.05095,0.54315,0.58963,0.59034,0.42252,0.5571,0.56743,0.56035,0.26854,1.11033,1.43253,1.34069,0.00825,0,0.000166407,0.000166407,0.000166407
140,3174.32,1.26105,1.51092,1.26868,0.00688,0.97289,0.54157,0.58522,0.58375,0.41951,0.53749,0.5483,0.55305,0.2699,1.10602,1.429,1.33927,0.00822,0,0.000154461,0.000154461,0.000154461
141,3195.98,1.29207,1.60615,1.2961,0.00717,1.19736,0.53199,0.5863,0.58275,0.41896,0.5263,0.53581,0.53919,0.26781,1.10791,1.42936,1.33532,0.00827,0,0.000143039,0.000143039,0.000143039
142,3217.42,1.24234,1.45438,1.30401,0.00634,1.11388,0.54606,0.59253,0.5827,0.419,0.52176,0.54479,0.53373,0.26275,1.10466,1.42827,1.33659,0.00833,0,0.000132146,0.000132146,0.000132146
143,3239.1,1.21233,1.4463,1.28574,0.00658,1.09842,0.54212,0.591,0.58158,0.4187,0.51789,0.56174,0.53962,0.26868,1.11291,1.42213,1.33805,0.00842,0,0.000121786,0.000121786,0.000121786
144,3260.43,1.21838,1.41318,1.36677,0.00701,1.18534,0.54653,0.59553,0.58212,0.42109,0.51566,0.54695,0.53591,0.26905,1.11733,1.42056,1.33892,0.00845,0,0.000111963,0.000111963,0.000111963
145,3281.97,1.23058,1.58683,1.26352,0.00602,1.05513,0.54013,0.61856,0.5821,0.41937,0.51017,0.57296,0.53306,0.2679,1.09937,1.42363,1.34944,0.00823,0,0.000102681,0.000102681,0.000102681
146,3303.2,1.20432,1.47783,1.28608,0.00673,1.08586,0.54632,0.61617,0.58487,0.42196,0.53574,0.54462,0.54495,0.26822,1.10034,1.42334,1.35008,0.00825,0,9.39436e-05,9.39436e-05,9.39436e-05
147,3324.87,1.2208,1.51764,1.27602,0.00624,1.07516,0.5427,0.59309,0.58486,0.42161,0.52775,0.52286,0.54481,0.26474,1.08581,1.42389,1.35589,0.00813,0,8.5754e-05,8.5754e-05,8.5754e-05
148,3346.3,1.22504,1.5462,1.28075,0.00606,1.10003,0.5393,0.58626,0.58448,0.42187,0.52051,0.54287,0.54537,0.26734,1.08458,1.42753,1.3547,0.00807,0,7.81153e-05,7.81153e-05,7.81153e-05
149,3367.75,1.20062,1.56133,1.26794,0.00616,1.10223,0.55018,0.57914,0.58542,0.42321,0.54481,0.51927,0.54906,0.26702,1.08228,1.42856,1.35683,0.00805,0,7.10307e-05,7.10307e-05,7.10307e-05
150,3389.12,1.20465,1.44338,1.29957,0.00619,1.05809,0.54229,0.59148,0.5874,0.42158,0.52267,0.53983,0.54707,0.26622,1.08552,1.42744,1.35111,0.00807,0,6.45027e-05,6.45027e-05,6.45027e-05
151,3426.23,1.15075,1.27799,1.25923,0.00827,1.09668,0.51807,0.56748,0.56126,0.40352,0.49248,0.52269,0.52448,0.25166,1.10971,1.47939,1.39357,0.00858,0,5.85339e-05,5.85339e-05,5.85339e-05
152,3447.88,1.15607,1.33886,1.30314,0.00886,1.10675,0.52303,0.56377,0.55625,0.39609,0.50263,0.54279,0.52442,0.2479,1.11847,1.47361,1.39688,0.00876,0,5.31265e-05,5.31265e-05,5.31265e-05
153,3469.53,1.14386,1.29692,1.31415,0.0084,1.11255,0.53156,0.57518,0.56685,0.39757,0.53785,0.53548,0.5296,0.24947,1.12595,1.48341,1.39478,0.00888,0,4.82828e-05,4.82828e-05,4.82828e-05
154,3491.3,1.13555,1.26264,1.22847,0.00815,1.07885,0.53495,0.58141,0.56982,0.40098,0.52414,0.52197,0.52872,0.25113,1.12232,1.48768,1.38648,0.00873,0,4.40045e-05,4.40045e-05,4.40045e-05
155,3512.73,1.08844,1.26116,1.22584,0.00765,1.10427,0.51532,0.58141,0.57125,0.40369,0.51116,0.52875,0.52949,0.2529,1.12266,1.48504,1.37011,0.0088,0,4.02933e-05,4.02933e-05,4.02933e-05
156,3533.81,1.14627,1.25103,1.23788,0.00832,1.09888,0.50069,0.59145,0.57116,0.40567,0.49158,0.53662,0.52793,0.25512,1.11126,1.48384,1.37574,0.00868,0,3.71507e-05,3.71507e-05,3.71507e-05
157,3555.34,1.07769,1.24384,1.23002,0.00817,1.12546,0.48666,0.60326,0.57599,0.4098,0.48939,0.53274,0.53624,0.25603,1.09679,1.47439,1.37804,0.00846,0,3.45778e-05,3.45778e-05,3.45778e-05
158,3577.38,1.13038,1.24955,1.26338,0.00786,1.12487,0.48954,0.6108,0.57346,0.40939,0.47524,0.55463,0.53975,0.25434,1.11258,1.47861,1.3714,0.00869,0,3.25756e-05,3.25756e-05,3.25756e-05
159,3599.31,1.14197,1.2757,1.19657,0.00828,1.10813,0.48517,0.6053,0.57662,0.41055,0.4705,0.55513,0.54027,0.25599,1.11171,1.4785,1.36249,0.00868,0,3.11449e-05,3.11449e-05,3.11449e-05
160,3620.4,1.12612,1.24541,1.27418,0.00825,1.11191,0.48734,0.60222,0.57649,0.41124,0.47496,0.55674,0.5414,0.25526,1.10514,1.4786,1.35991,0.00867,0,3.02862e-05,3.02862e-05,3.02862e-05
